{"cameraMode":{"drawMode":0,"name":"Shaded","section":"Shading Mode"},"sceneLighting":true,"audioPlay":false,"sceneViewState":{"showFog":true,"showMaterialUpdate":false,"showSkybox":true,"showFlares":true,"showImageEffects":true,"showParticleSystems":true},"in2DMode":false,"pivot":{"x":8.206954956054688,"y":-2.0879218578338625,"z":-16.275136947631837},"rotation":{"x":0.3957054913043976,"y":-0.001396107953041792,"z":0.0007611366454511881,"w":0.9184432029724121},"size":11.801461219787598,"orthographic":false}